{
    "pearson_r": 0.03957147343277424,
    "pearson_p": 6.021047595822619e-15,
    "spearman_r": 0.023595630396660083,
    "spearman_p": 3.289058601052262e-06
}