{
    "pearson_r": 0.10758413057948212,
    "pearson_p": 0.1416837324611684,
    "spearman_r": 0.09664673564745037,
    "spearman_p": 0.18703336652298985
}