{
    "pearson_r": 0.03957147343276227,
    "pearson_p": 6.0210475959354336e-15,
    "spearman_r": 0.023595630396660083,
    "spearman_p": 3.2890586010522624e-06
}