{
    "anger":{
        "anger":0.2285714286,
        "fear":0.2,
        "joy":0.1428571429,
        "neutral":0.1594202899,
        "other_negative":0.3,
        "sadness":0.1666666667
    },
    "fear":{
        "anger":0.0571428571,
        "fear":0.0,
        "joy":0.0158730159,
        "neutral":0.0144927536,
        "other_negative":0.0,
        "sadness":0.1666666667
    },
    "joy":{
        "anger":0.4,
        "fear":0.4,
        "joy":0.380952381,
        "neutral":0.347826087,
        "other_negative":0.2,
        "sadness":0.0
    },
    "neutral":{
        "anger":0.2571428571,
        "fear":0.4,
        "joy":0.3333333333,
        "neutral":0.4057971014,
        "other_negative":0.5,
        "sadness":0.3333333333
    },
    "other_negative":{
        "anger":0.0285714286,
        "fear":0.0,
        "joy":0.0317460317,
        "neutral":0.0434782609,
        "other_negative":0.0,
        "sadness":0.0
    },
    "sadness":{
        "anger":0.0285714286,
        "fear":0.0,
        "joy":0.0952380952,
        "neutral":0.0289855072,
        "other_negative":0.0,
        "sadness":0.3333333333
    }
}