{
    "p_same":{
        "sadness":0.2093023256,
        "neutral":0.4221139944,
        "joy":0.2813162706,
        "anger":0.1900472534,
        "fear":0.0,
        "other_negative":0.0
    },
    "baseline":{
        "sadness":0.057874421,
        "neutral":0.4003088008,
        "joy":0.2862068966,
        "anger":0.1964487905,
        "fear":0.0215388574,
        "other_negative":0.0376222337
    },
    "contagion_strength":{
        "sadness":0.1514279046,
        "neutral":0.0218051935,
        "joy":-0.004890626,
        "anger":-0.0064015371,
        "fear":-0.0215388574,
        "other_negative":-0.0376222337
    }
}