{
    "anger":{
        "anger":0.1900472534,
        "fear":0.1629254164,
        "joy":0.2042413163,
        "neutral":0.1687847196,
        "other_negative":0.2000823384,
        "sadness":0.42749658
    },
    "fear":{
        "anger":0.0451860602,
        "fear":0.0,
        "joy":0.0164533821,
        "neutral":0.0061639145,
        "other_negative":0.0,
        "sadness":0.1538987688
    },
    "joy":{
        "anger":0.3043414058,
        "fear":0.2215785663,
        "joy":0.2813162706,
        "neutral":0.3502016589,
        "other_negative":0.1259777686,
        "sadness":0.0
    },
    "neutral":{
        "anger":0.3561724749,
        "fear":0.6154960174,
        "joy":0.351297989,
        "neutral":0.4221139944,
        "other_negative":0.673939893,
        "sadness":0.2093023256
    },
    "other_negative":{
        "anger":0.0922917897,
        "fear":0.0,
        "joy":0.0329067642,
        "neutral":0.0294498136,
        "other_negative":0.0,
        "sadness":0.0
    },
    "sadness":{
        "anger":0.0119610159,
        "fear":0.0,
        "joy":0.1137842779,
        "neutral":0.0232858991,
        "other_negative":0.0,
        "sadness":0.2093023256
    }
}