{
    "p_same":{
        "sadness":0.3333333333,
        "anger":0.2285714286,
        "neutral":0.4057971014,
        "joy":0.380952381,
        "fear":0.0,
        "other_negative":0.0
    },
    "baseline":{
        "sadness":0.0585106383,
        "anger":0.1755319149,
        "neutral":0.3563829787,
        "joy":0.3510638298,
        "fear":0.0265957447,
        "other_negative":0.0319148936
    },
    "contagion_strength":{
        "sadness":0.274822695,
        "anger":0.0530395137,
        "neutral":0.0494141227,
        "joy":0.0298885512,
        "fear":-0.0265957447,
        "other_negative":-0.0319148936
    }
}