{
    "chi_square": {
        "chi2": 6625.6375916989655,
        "p_value": 0.0,
        "degrees_of_freedom": 25
    },
    "depth_analysis": {
        "p1": 0.28497691549514964,
        "p2": 0.0,
        "z": 11.026180425332091,
        "p_value": 0.0
    }
}