{
    "chi_square": {
        "chi2": 26.604854939806273,
        "p_value": 0.37590877576595355,
        "degrees_of_freedom": 25
    },
    "depth_analysis": {
        "p1": 0.3333333333333333,
        "p2": 0.0,
        "z": 0.9973509887241274,
        "p_value": 0.31859417218795705
    }
}